-- SQL-DBA Practice Database - PostgreSQL
-- E-Commerce Schema

-- Drop tables if exist (for clean re-init)
DROP TABLE IF EXISTS reviews CASCADE;
DROP TABLE IF EXISTS order_items CASCADE;
DROP TABLE IF EXISTS orders CASCADE;
DROP TABLE IF EXISTS products CASCADE;
DROP TABLE IF EXISTS categories CASCADE;
DROP TABLE IF EXISTS customers CASCADE;

-- Customers
CREATE TABLE customers (
  id SERIAL PRIMARY KEY,
  name VARCHAR(100) NOT NULL,
  email VARCHAR(150) UNIQUE NOT NULL,
  city VARCHAR(50),
  country VARCHAR(50),
  signup_date DATE,
  is_premium BOOLEAN DEFAULT FALSE
);

-- Categories
CREATE TABLE categories (
  id SERIAL PRIMARY KEY,
  name VARCHAR(50) NOT NULL,
  parent_id INTEGER REFERENCES categories(id)
);

-- Products
CREATE TABLE products (
  id SERIAL PRIMARY KEY,
  name VARCHAR(200) NOT NULL,
  category_id INTEGER REFERENCES categories(id),
  price DECIMAL(10,2) NOT NULL,
  stock_quantity INTEGER DEFAULT 0,
  created_at TIMESTAMP DEFAULT CURRENT_TIMESTAMP
);

-- Orders
CREATE TABLE orders (
  id SERIAL PRIMARY KEY,
  customer_id INTEGER REFERENCES customers(id),
  order_date TIMESTAMP NOT NULL,
  status VARCHAR(20) CHECK (status IN ('pending','processing','shipped','delivered','cancelled')),
  total_amount DECIMAL(12,2)
);

-- Order Items
CREATE TABLE order_items (
  id SERIAL PRIMARY KEY,
  order_id INTEGER REFERENCES orders(id),
  product_id INTEGER REFERENCES products(id),
  quantity INTEGER NOT NULL,
  unit_price DECIMAL(10,2) NOT NULL
);

-- Reviews
CREATE TABLE reviews (
  id SERIAL PRIMARY KEY,
  product_id INTEGER REFERENCES products(id),
  customer_id INTEGER REFERENCES customers(id),
  rating INTEGER CHECK (rating BETWEEN 1 AND 5),
  comment TEXT,
  created_at TIMESTAMP DEFAULT CURRENT_TIMESTAMP
);

-- ============================================
-- SEED DATA
-- ============================================

-- Categories (20)
INSERT INTO categories (id, name, parent_id) VALUES
(1, 'Electronics', NULL),
(2, 'Clothing', NULL),
(3, 'Books', NULL),
(4, 'Home & Garden', NULL),
(5, 'Sports', NULL),
(6, 'Smartphones', 1),
(7, 'Laptops', 1),
(8, 'Audio', 1),
(9, 'Men', 2),
(10, 'Women', 2),
(11, 'Fiction', 3),
(12, 'Non-Fiction', 3),
(13, 'Programming', 3),
(14, 'Furniture', 4),
(15, 'Kitchen', 4),
(16, 'Fitness', 5),
(17, 'Outdoor', 5),
(18, 'Tablets', 1),
(19, 'Kids', 2),
(20, 'Science', 3);

-- Customers (50)
INSERT INTO customers (name, email, city, country, signup_date, is_premium) VALUES
('Kim Cheolsu', 'cheolsu@email.com', 'Seoul', 'South Korea', '2023-01-15', true),
('Lee Younghee', 'younghee@email.com', 'Busan', 'South Korea', '2023-02-20', false),
('Park Jimin', 'jimin@email.com', 'Incheon', 'South Korea', '2023-03-10', true),
('Choi Soyeon', 'soyeon@email.com', 'Daegu', 'South Korea', '2023-04-05', false),
('Jung Minho', 'minho@email.com', 'Gwangju', 'South Korea', '2023-05-12', true),
('Kang Jihye', 'jihye@email.com', 'Daejeon', 'South Korea', '2023-06-18', false),
('Yoon Seojun', 'seojun@email.com', 'Seoul', 'South Korea', '2023-07-22', true),
('Han Minji', 'minji@email.com', 'Busan', 'South Korea', '2023-08-30', false),
('Shin Taeyoung', 'taeyoung@email.com', 'Seoul', 'South Korea', '2023-09-14', true),
('Oh Sujin', 'sujin@email.com', 'Incheon', 'South Korea', '2023-10-08', false),
('Jang Dongwoo', 'dongwoo@email.com', 'Seoul', 'South Korea', '2023-01-25', true),
('Im Nayeon', 'nayeon@email.com', 'Daegu', 'South Korea', '2023-02-14', false),
('Song Junho', 'junho@email.com', 'Busan', 'South Korea', '2023-03-28', false),
('Bae Suzy', 'suzy@email.com', 'Seoul', 'South Korea', '2023-04-17', true),
('Hwang Jaehyun', 'jaehyun@email.com', 'Gwangju', 'South Korea', '2023-05-09', false),
('John Smith', 'john@email.com', 'New York', 'USA', '2023-06-01', true),
('Emma Wilson', 'emma@email.com', 'London', 'UK', '2023-07-15', false),
('Tanaka Yuki', 'yuki@email.com', 'Tokyo', 'Japan', '2023-08-20', true),
('Wang Wei', 'wei@email.com', 'Beijing', 'China', '2023-09-05', false),
('Marie Dupont', 'marie@email.com', 'Paris', 'France', '2023-10-12', true),
('Ryu Jihoon', 'jihoon@email.com', 'Seoul', 'South Korea', '2023-11-01', false),
('Nam Yoojin', 'yoojin@email.com', 'Busan', 'South Korea', '2023-11-15', true),
('Seo Minwoo', 'minwoo@email.com', 'Daejeon', 'South Korea', '2023-12-01', false),
('Ahn Chaeyoung', 'chaeyoung@email.com', 'Incheon', 'South Korea', '2024-01-10', false),
('Go Hyunwoo', 'hyunwoo@email.com', 'Seoul', 'South Korea', '2024-01-20', true),
('Carlos Garcia', 'carlos@email.com', 'Madrid', 'Spain', '2024-02-01', false),
('Liam Brown', 'liam@email.com', 'Sydney', 'Australia', '2024-02-15', true),
('Sophia Muller', 'sophia@email.com', 'Berlin', 'Germany', '2024-03-01', false),
('Kim Dohyun', 'dohyun@email.com', 'Seoul', 'South Korea', '2024-03-15', true),
('Lee Haeun', 'haeun@email.com', 'Busan', 'South Korea', '2024-04-01', false),
('Park Siwoo', 'siwoo@email.com', 'Daegu', 'South Korea', '2024-04-10', false),
('Choi Yena', 'yena@email.com', 'Gwangju', 'South Korea', '2024-05-01', true),
('Jung Hojin', 'hojin@email.com', 'Seoul', 'South Korea', '2024-05-15', false),
('Kang Sooyoung', 'sooyoung@email.com', 'Incheon', 'South Korea', '2024-06-01', true),
('Yoon Jaewon', 'jaewon@email.com', 'Daejeon', 'South Korea', '2024-06-15', false),
('Alex Johnson', 'alex@email.com', 'Toronto', 'Canada', '2024-07-01', true),
('Sakura Yamada', 'sakura@email.com', 'Osaka', 'Japan', '2024-07-15', false),
('Li Ming', 'liming@email.com', 'Shanghai', 'China', '2024-08-01', false),
('Han Soyoung', 'soyoung@email.com', 'Seoul', 'South Korea', '2024-08-15', true),
('Shin Woojin', 'woojin@email.com', 'Busan', 'South Korea', '2024-09-01', false),
('Oh Yeji', 'yeji@email.com', 'Seoul', 'South Korea', '2024-09-15', true),
('Jang Sungmin', 'sungmin@email.com', 'Daegu', 'South Korea', '2024-10-01', false),
('Im Chaewon', 'chaewon@email.com', 'Incheon', 'South Korea', '2024-10-15', false),
('Song Yujin', 'yujin@email.com', 'Gwangju', 'South Korea', '2024-11-01', true),
('Bae Jungkook', 'jungkook@email.com', 'Seoul', 'South Korea', '2024-11-15', false),
('Hwang Nari', 'nari@email.com', 'Busan', 'South Korea', '2024-12-01', true),
('David Lee', 'david@email.com', 'San Francisco', 'USA', '2024-12-15', false),
('Emily Chen', 'emily@email.com', 'Vancouver', 'Canada', '2025-01-01', true),
('Marco Rossi', 'marco@email.com', 'Milan', 'Italy', '2025-01-15', false),
('Anna Kim', 'anna@email.com', 'Seoul', 'South Korea', '2025-02-01', NULL);

-- Products (100)
INSERT INTO products (name, category_id, price, stock_quantity) VALUES
('Galaxy S24 Ultra', 6, 1599000, 150),
('iPhone 15 Pro', 6, 1350000, 200),
('Galaxy Z Fold 5', 6, 2098000, 80),
('Pixel 8 Pro', 6, 1150000, 120),
('iPhone 15', 6, 990000, 300),
('MacBook Pro 16"', 7, 3690000, 50),
('Galaxy Book 4 Pro', 7, 2190000, 70),
('Dell XPS 15', 7, 2490000, 60),
('ThinkPad X1 Carbon', 7, 2290000, 45),
('MacBook Air M3', 7, 1590000, 120),
('AirPods Pro 2', 8, 329000, 500),
('Galaxy Buds 3 Pro', 8, 289000, 400),
('Sony WH-1000XM5', 8, 398000, 200),
('Bose QC Ultra', 8, 429000, 150),
('JBL Flip 6', 8, 149000, 350),
('iPad Pro 12.9"', 18, 1499000, 90),
('Galaxy Tab S9 Ultra', 18, 1599000, 75),
('iPad Air', 18, 929000, 160),
('Mens Cotton T-Shirt', 9, 29000, 800),
('Mens Slim Jeans', 9, 59000, 500),
('Mens Winter Jacket', 9, 189000, 200),
('Mens Running Shoes', 9, 129000, 350),
('Mens Formal Shirt', 9, 69000, 400),
('Womens Floral Dress', 10, 79000, 300),
('Womens Yoga Pants', 10, 49000, 600),
('Womens Wool Coat', 10, 259000, 150),
('Womens Sneakers', 10, 99000, 400),
('Womens Silk Blouse', 10, 89000, 250),
('Kids Denim Jacket', 19, 45000, 200),
('Kids School Backpack', 19, 39000, 350),
('The Great Gatsby', 11, 15000, 100),
('1984', 11, 13000, 120),
('Harry Potter Set', 11, 89000, 200),
('Dune', 11, 18000, 80),
('Sapiens', 12, 22000, 150),
('Atomic Habits', 12, 19000, 300),
('Thinking, Fast and Slow', 12, 24000, 100),
('The Art of War', 12, 12000, 200),
('Clean Code', 13, 35000, 250),
('Design Patterns', 13, 42000, 180),
('JavaScript: The Good Parts', 13, 28000, 200),
('SQL in 10 Minutes', 13, 25000, 400),
('Learning PostgreSQL', 13, 38000, 150),
('Wooden Dining Table', 14, 450000, 30),
('Ergonomic Office Chair', 14, 350000, 50),
('Bookshelf 5-Tier', 14, 120000, 80),
('Standing Desk', 14, 550000, 40),
('Stainless Steel Pot Set', 15, 89000, 200),
('Air Fryer', 15, 129000, 150),
('Coffee Maker', 15, 79000, 250),
('Blender', 15, 59000, 180),
('Rice Cooker', 15, 159000, 120),
('Yoga Mat', 16, 35000, 400),
('Dumbbell Set 20kg', 16, 89000, 150),
('Resistance Bands', 16, 25000, 500),
('Jump Rope', 16, 15000, 600),
('Foam Roller', 16, 29000, 300),
('Camping Tent 4P', 17, 250000, 60),
('Hiking Backpack', 17, 189000, 100),
('Sleeping Bag', 17, 89000, 120),
('Portable Stove', 17, 69000, 150),
('Galaxy Watch 6', 1, 399000, 200),
('Apple Watch Ultra 2', 1, 1149000, 80),
('Nintendo Switch OLED', 1, 415000, 150),
('PS5 Controller', 1, 89000, 300),
('4K Monitor 27"', 1, 450000, 100),
('Mechanical Keyboard', 1, 159000, 250),
('Wireless Mouse', 1, 49000, 400),
('USB-C Hub', 1, 69000, 350),
('Webcam HD', 1, 89000, 200),
('Portable SSD 1TB', 1, 129000, 300),
('Microwave Oven', 15, 199000, 80),
('Electric Kettle', 15, 45000, 350),
('Toaster', 15, 39000, 280),
('Hand Mixer', 15, 35000, 200),
('Mens Wool Sweater', 9, 89000, 250),
('Mens Leather Belt', 9, 45000, 400),
('Womens Handbag', 10, 159000, 180),
('Womens Scarf', 10, 35000, 350),
('Kids Rain Boots', 19, 35000, 200),
('Harry Potter Wand', 19, 29000, 150),
('Treadmill', 16, 890000, 30),
('Exercise Bike', 16, 590000, 40),
('Pull-up Bar', 16, 49000, 200),
('Tennis Racket', 17, 189000, 80),
('Soccer Ball', 17, 45000, 250),
('Fishing Rod Set', 17, 129000, 100),
('LED Desk Lamp', 14, 59000, 300),
('Wall Clock', 14, 35000, 400),
('Picture Frame Set', 14, 29000, 350),
('Python Crash Course', 13, 32000, 200),
('Database Internals', 13, 48000, 100),
('Mans Search for Meaning', 12, 16000, 250),
('Brief History of Time', 20, 21000, 180),
('Cosmos', 20, 25000, 120),
('The Gene', 20, 28000, 90),
('To Kill a Mockingbird', 11, 14000, 150),
('The Alchemist', 11, 16000, 200),
('Becoming', 12, 23000, 130),
('Educated', 12, 20000, 170);

-- Orders (200)
INSERT INTO orders (customer_id, order_date, status, total_amount) VALUES
(1, '2024-01-05 10:30:00', 'delivered', 1928000),
(2, '2024-01-08 14:20:00', 'delivered', 79000),
(3, '2024-01-12 09:15:00', 'delivered', 3690000),
(1, '2024-01-15 16:45:00', 'delivered', 329000),
(5, '2024-01-18 11:00:00', 'delivered', 89000),
(4, '2024-01-22 13:30:00', 'delivered', 250000),
(7, '2024-01-25 08:45:00', 'delivered', 1599000),
(6, '2024-02-01 10:00:00', 'delivered', 59000),
(8, '2024-02-05 15:20:00', 'delivered', 189000),
(9, '2024-02-08 12:00:00', 'delivered', 2290000),
(10, '2024-02-12 09:30:00', 'delivered', 49000),
(11, '2024-02-15 14:00:00', 'delivered', 450000),
(3, '2024-02-18 16:30:00', 'delivered', 129000),
(12, '2024-02-22 11:15:00', 'delivered', 35000),
(14, '2024-02-25 08:00:00', 'delivered', 1350000),
(15, '2024-03-01 10:45:00', 'delivered', 89000),
(16, '2024-03-05 13:20:00', 'delivered', 398000),
(17, '2024-03-08 15:00:00', 'delivered', 79000),
(18, '2024-03-12 09:45:00', 'delivered', 1599000),
(19, '2024-03-15 11:30:00', 'delivered', 69000),
(20, '2024-03-18 14:15:00', 'delivered', 2098000),
(1, '2024-03-22 08:30:00', 'delivered', 89000),
(2, '2024-03-25 16:00:00', 'delivered', 159000),
(13, '2024-03-28 10:20:00', 'delivered', 350000),
(21, '2024-04-01 12:00:00', 'delivered', 45000),
(22, '2024-04-04 14:30:00', 'delivered', 990000),
(23, '2024-04-08 09:00:00', 'delivered', 129000),
(24, '2024-04-11 11:45:00', 'delivered', 35000),
(25, '2024-04-15 15:15:00', 'delivered', 3690000),
(5, '2024-04-18 08:20:00', 'delivered', 25000),
(7, '2024-04-22 13:00:00', 'delivered', 550000),
(9, '2024-04-25 10:30:00', 'delivered', 89000),
(26, '2024-04-28 16:45:00', 'delivered', 189000),
(27, '2024-05-01 09:15:00', 'delivered', 1149000),
(28, '2024-05-05 11:00:00', 'delivered', 49000),
(29, '2024-05-08 14:20:00', 'delivered', 399000),
(30, '2024-05-12 08:30:00', 'delivered', 79000),
(31, '2024-05-15 12:45:00', 'delivered', 259000),
(32, '2024-05-18 15:00:00', 'delivered', 89000),
(33, '2024-05-22 10:15:00', 'delivered', 450000),
(34, '2024-05-25 13:30:00', 'delivered', 129000),
(35, '2024-05-28 09:45:00', 'delivered', 35000),
(36, '2024-06-01 11:20:00', 'delivered', 1590000),
(37, '2024-06-04 14:00:00', 'delivered', 69000),
(38, '2024-06-08 08:15:00', 'delivered', 189000),
(39, '2024-06-11 16:30:00', 'delivered', 329000),
(40, '2024-06-15 10:00:00', 'delivered', 89000),
(1, '2024-06-18 12:30:00', 'delivered', 2190000),
(2, '2024-06-22 09:00:00', 'delivered', 45000),
(3, '2024-06-25 14:45:00', 'delivered', 415000),
(41, '2024-07-01 10:30:00', 'delivered', 129000),
(42, '2024-07-04 13:15:00', 'delivered', 59000),
(43, '2024-07-08 08:00:00', 'shipped', 250000),
(44, '2024-07-11 15:30:00', 'shipped', 89000),
(45, '2024-07-15 11:45:00', 'shipped', 1350000),
(46, '2024-07-18 09:20:00', 'shipped', 159000),
(47, '2024-07-22 14:00:00', 'shipped', 398000),
(48, '2024-07-25 10:15:00', 'processing', 2490000),
(49, '2024-07-28 16:00:00', 'processing', 35000),
(50, '2024-08-01 08:30:00', 'processing', 890000),
(1, '2024-08-04 12:45:00', 'pending', 129000),
(5, '2024-08-08 09:15:00', 'pending', 49000),
(10, '2024-08-11 14:30:00', 'cancelled', 450000),
(15, '2024-08-15 10:00:00', 'cancelled', 89000),
(20, '2024-08-18 13:20:00', 'cancelled', 159000),
(3, '2024-01-20 10:00:00', 'delivered', 149000),
(7, '2024-02-10 12:30:00', 'delivered', 89000),
(11, '2024-02-28 09:00:00', 'delivered', 1150000),
(14, '2024-03-10 14:15:00', 'delivered', 42000),
(18, '2024-03-20 11:30:00', 'delivered', 289000),
(22, '2024-04-05 08:45:00', 'delivered', 89000),
(25, '2024-04-20 15:00:00', 'delivered', 129000),
(29, '2024-05-10 10:20:00', 'delivered', 59000),
(33, '2024-05-20 13:45:00', 'delivered', 1499000),
(36, '2024-06-05 09:30:00', 'delivered', 69000),
(40, '2024-06-20 14:00:00', 'delivered', 35000),
(1, '2024-07-01 11:15:00', 'delivered', 89000),
(5, '2024-07-10 08:30:00', 'shipped', 329000),
(10, '2024-07-20 15:45:00', 'shipped', 45000),
(15, '2024-08-01 10:00:00', 'processing', 159000),
(2, '2024-01-30 10:00:00', 'delivered', 35000),
(4, '2024-02-14 14:00:00', 'delivered', 79000),
(6, '2024-03-05 09:30:00', 'delivered', 129000),
(8, '2024-03-15 13:45:00', 'delivered', 49000),
(10, '2024-04-01 11:00:00', 'delivered', 89000),
(12, '2024-04-12 15:20:00', 'delivered', 159000),
(14, '2024-04-25 08:15:00', 'delivered', 25000),
(16, '2024-05-05 12:30:00', 'delivered', 69000),
(18, '2024-05-15 09:45:00', 'delivered', 45000),
(20, '2024-05-25 14:00:00', 'delivered', 35000),
(22, '2024-06-05 10:30:00', 'delivered', 89000),
(24, '2024-06-15 13:15:00', 'delivered', 129000),
(26, '2024-06-25 08:00:00', 'delivered', 59000),
(28, '2024-07-05 15:30:00', 'shipped', 189000),
(30, '2024-07-15 10:45:00', 'shipped', 79000),
(32, '2024-07-25 12:00:00', 'processing', 259000),
(34, '2024-08-05 09:15:00', 'pending', 450000),
(36, '2024-08-10 14:30:00', 'pending', 89000),
(38, '2024-08-15 11:45:00', 'cancelled', 35000),
(40, '2024-08-20 08:30:00', 'cancelled', 129000),
(2, '2024-02-10 10:00:00', 'delivered', 289000),
(4, '2024-03-01 14:30:00', 'delivered', 398000),
(6, '2024-03-20 09:15:00', 'delivered', 1590000),
(8, '2024-04-10 13:00:00', 'delivered', 35000),
(10, '2024-04-25 11:30:00', 'delivered', 189000),
(12, '2024-05-10 15:45:00', 'delivered', 89000),
(14, '2024-05-25 08:20:00', 'delivered', 329000),
(16, '2024-06-10 12:00:00', 'delivered', 79000),
(18, '2024-06-25 09:30:00', 'delivered', 45000),
(20, '2024-07-10 14:15:00', 'shipped', 89000),
(1, '2024-04-01 09:00:00', 'delivered', 159000),
(1, '2024-05-01 14:00:00', 'delivered', 42000),
(3, '2024-04-15 10:30:00', 'delivered', 89000),
(3, '2024-05-20 13:00:00', 'delivered', 25000),
(5, '2024-03-01 09:15:00', 'delivered', 350000),
(5, '2024-06-01 15:00:00', 'delivered', 89000),
(7, '2024-04-20 11:30:00', 'delivered', 129000),
(7, '2024-06-15 08:45:00', 'delivered', 69000),
(9, '2024-03-10 14:00:00', 'delivered', 59000),
(9, '2024-05-25 10:15:00', 'delivered', 189000),
(2, '2024-04-20 09:30:00', 'delivered', 49000),
(2, '2024-05-30 14:45:00', 'delivered', 89000),
(4, '2024-05-10 11:00:00', 'delivered', 159000),
(4, '2024-06-20 08:30:00', 'delivered', 35000),
(6, '2024-04-15 13:15:00', 'delivered', 79000),
(6, '2024-06-01 10:00:00', 'delivered', 129000),
(8, '2024-05-05 15:30:00', 'delivered', 89000),
(8, '2024-06-25 09:00:00', 'delivered', 45000),
(11, '2024-04-01 12:00:00', 'delivered', 129000),
(11, '2024-05-15 08:30:00', 'delivered', 35000),
(13, '2024-04-10 14:45:00', 'delivered', 69000),
(13, '2024-06-05 10:20:00', 'delivered', 89000),
(15, '2024-05-01 09:00:00', 'delivered', 45000),
(15, '2024-06-15 13:30:00', 'delivered', 29000),
(17, '2024-04-22 11:45:00', 'delivered', 89000),
(17, '2024-06-10 15:00:00', 'delivered', 159000),
(19, '2024-05-08 08:15:00', 'delivered', 35000),
(19, '2024-06-20 12:30:00', 'delivered', 79000),
(21, '2024-05-12 14:00:00', 'delivered', 89000),
(21, '2024-06-25 09:45:00', 'delivered', 129000),
(23, '2024-05-18 10:30:00', 'delivered', 45000),
(23, '2024-07-01 13:15:00', 'shipped', 89000),
(25, '2024-05-22 15:00:00', 'delivered', 159000),
(25, '2024-07-05 08:30:00', 'shipped', 35000),
(27, '2024-06-01 11:45:00', 'delivered', 89000),
(27, '2024-07-10 14:00:00', 'shipped', 69000),
(29, '2024-06-08 09:00:00', 'delivered', 45000),
(29, '2024-07-15 12:30:00', 'shipped', 129000),
(31, '2024-06-12 13:15:00', 'delivered', 35000),
(31, '2024-07-20 10:00:00', 'processing', 89000),
(33, '2024-06-18 08:30:00', 'delivered', 79000),
(33, '2024-07-25 14:45:00', 'processing', 159000),
(35, '2024-06-22 11:00:00', 'delivered', 45000),
(35, '2024-08-01 09:15:00', 'pending', 89000),
(37, '2024-06-28 15:30:00', 'delivered', 69000),
(37, '2024-08-05 12:00:00', 'pending', 35000),
(39, '2024-07-02 10:15:00', 'shipped', 89000),
(39, '2024-08-10 13:30:00', 'cancelled', 129000),
(41, '2024-07-08 08:00:00', 'shipped', 45000),
(43, '2024-07-18 14:30:00', 'shipped', 159000),
(45, '2024-07-22 09:45:00', 'processing', 89000),
(47, '2024-08-01 11:15:00', 'pending', 35000),
(49, '2024-08-08 15:00:00', 'pending', 79000),
(50, '2024-08-12 08:30:00', 'cancelled', 159000),
(2, '2024-07-05 10:00:00', 'shipped', 129000),
(4, '2024-07-12 14:30:00', 'shipped', 89000),
(6, '2024-07-18 09:15:00', 'shipped', 45000),
(8, '2024-07-25 13:00:00', 'processing', 69000),
(10, '2024-08-01 11:30:00', 'pending', 159000),
(12, '2024-08-08 08:45:00', 'pending', 35000),
(14, '2024-08-12 15:00:00', 'cancelled', 89000),
(16, '2024-08-18 10:30:00', 'cancelled', 129000),
(41, '2024-08-01 09:00:00', 'pending', 249000),
(42, '2024-07-28 14:30:00', 'processing', 79000),
(44, '2024-08-03 11:00:00', 'pending', 35000),
(46, '2024-08-07 08:15:00', 'pending', 189000),
(48, '2024-08-11 13:45:00', 'cancelled', 59000);

-- Order Items (fill with references to existing orders and products)
-- Each order gets 1-3 items
INSERT INTO order_items (order_id, product_id, quantity, unit_price) VALUES
(1, 1, 1, 1599000), (1, 11, 1, 329000),
(2, 24, 1, 79000),
(3, 6, 1, 3690000),
(4, 11, 1, 329000),
(5, 5, 1, 89000),
(6, 58, 1, 250000),
(7, 1, 1, 1599000),
(8, 51, 1, 59000),
(9, 21, 1, 189000),
(10, 9, 1, 2290000),
(11, 25, 1, 49000),
(12, 44, 1, 450000),
(13, 49, 1, 129000),
(14, 53, 1, 35000),
(15, 2, 1, 1350000),
(16, 5, 1, 89000),
(17, 13, 1, 398000),
(18, 37, 1, 79000),
(19, 7, 1, 1599000),
(20, 61, 1, 69000),
(21, 3, 1, 2098000),
(22, 65, 1, 89000),
(23, 67, 1, 159000),
(24, 45, 1, 350000),
(25, 77, 1, 45000),
(26, 5, 1, 990000),
(27, 41, 1, 129000),
(28, 57, 1, 35000),
(29, 6, 1, 3690000),
(30, 55, 1, 25000),
(31, 47, 1, 550000),
(32, 39, 1, 89000),
(33, 59, 1, 189000),
(34, 63, 1, 1149000),
(35, 68, 1, 49000),
(36, 62, 1, 399000),
(37, 18, 1, 79000),
(38, 26, 1, 259000),
(39, 32, 1, 89000),
(40, 66, 1, 450000),
(41, 41, 1, 129000),
(42, 79, 1, 35000),
(43, 10, 1, 1590000),
(44, 20, 1, 69000),
(45, 9, 1, 189000),
(46, 11, 1, 329000),
(47, 22, 1, 89000),
(48, 7, 1, 2190000),
(49, 30, 1, 45000),
(50, 64, 1, 415000),
(51, 82, 1, 129000),
(52, 8, 1, 59000),
(53, 58, 1, 250000),
(54, 40, 1, 89000),
(55, 2, 1, 1350000),
(56, 78, 1, 159000),
(57, 13, 1, 398000),
(58, 8, 1, 2490000),
(59, 75, 1, 35000),
(60, 82, 1, 890000),
(61, 49, 1, 129000),
(62, 68, 1, 49000),
(63, 66, 1, 450000),
(64, 65, 1, 89000),
(65, 67, 1, 159000),
(66, 15, 1, 149000),
(67, 32, 1, 89000),
(68, 4, 1, 1150000),
(69, 40, 1, 42000),
(70, 12, 1, 289000),
(71, 54, 1, 89000),
(72, 27, 1, 129000),
(73, 51, 1, 59000),
(74, 16, 1, 1499000),
(75, 44, 1, 69000),
(76, 79, 1, 35000),
(77, 48, 1, 89000),
(78, 46, 1, 329000),
(79, 77, 1, 45000),
(80, 78, 1, 159000),
(81, 53, 1, 35000),
(82, 50, 1, 79000),
(83, 49, 1, 129000),
(84, 75, 1, 49000),
(85, 22, 1, 89000),
(86, 86, 1, 159000),
(87, 87, 1, 25000),
(88, 20, 1, 69000),
(89, 89, 1, 45000),
(90, 90, 1, 35000),
(91, 47, 1, 89000),
(92, 27, 1, 129000),
(93, 92, 1, 59000),
(94, 59, 1, 189000),
(95, 37, 1, 79000),
(96, 26, 1, 259000),
(97, 45, 1, 450000),
(98, 48, 1, 89000),
(99, 79, 1, 35000),
(100, 68, 1, 129000),
(101, 22, 1, 89000),
(102, 40, 1, 42000),
(103, 32, 1, 89000),
(104, 55, 1, 25000),
(105, 45, 1, 350000),
(106, 54, 1, 89000),
(107, 41, 1, 129000),
(108, 20, 1, 69000),
(109, 92, 1, 59000),
(110, 59, 1, 189000),
(111, 68, 1, 49000),
(112, 22, 1, 89000),
(113, 86, 1, 159000),
(114, 79, 1, 35000),
(115, 50, 1, 79000),
(116, 39, 1, 89000),
(117, 75, 1, 45000),
(118, 41, 1, 129000),
(119, 90, 1, 35000),
(120, 20, 1, 69000),
(121, 32, 1, 89000),
(122, 86, 1, 159000),
(123, 79, 1, 35000),
(124, 48, 1, 89000),
(125, 65, 1, 89000),
(126, 41, 1, 129000),
(127, 89, 1, 45000),
(128, 22, 1, 89000),
(129, 53, 1, 45000),
(130, 49, 1, 129000),
(131, 79, 1, 35000),
(132, 32, 1, 89000),
(133, 50, 1, 79000),
(134, 86, 1, 159000),
(135, 89, 1, 45000),
(136, 20, 1, 69000),
(137, 48, 1, 89000),
(138, 79, 1, 35000),
(139, 22, 1, 89000),
(140, 86, 1, 159000),
(141, 54, 1, 89000),
(142, 75, 1, 45000),
(143, 68, 1, 159000),
(144, 90, 1, 35000),
(145, 78, 1, 189000),
(146, 92, 1, 59000),
(147, 50, 1, 79000),
(148, 22, 1, 69000),
(149, 86, 1, 159000),
(150, 79, 1, 35000),
(151, 32, 1, 89000),
(152, 41, 1, 129000),
(153, 53, 1, 45000),
(154, 20, 1, 89000),
(155, 89, 1, 45000),
(156, 49, 1, 129000),
(157, 65, 1, 89000),
(158, 75, 1, 35000),
(159, 78, 1, 189000),
(160, 54, 1, 89000),
(161, 92, 1, 249000),
(162, 50, 1, 79000),
(163, 90, 1, 35000),
(164, 59, 1, 189000),
(165, 51, 1, 59000);

-- Reviews (150)
INSERT INTO reviews (product_id, customer_id, rating, comment) VALUES
(1, 1, 5, 'Amazing phone! Best camera ever.'),
(1, 7, 4, 'Great phone but expensive.'),
(1, 19, 5, 'Love the S-Pen feature!'),
(2, 15, 5, 'Best iPhone yet.'),
(2, 3, 4, 'Solid upgrade from iPhone 14.'),
(2, 22, 3, 'Good but nothing revolutionary.'),
(3, 20, 5, 'Fold is the future!'),
(3, 1, 4, 'Amazing tech but heavy.'),
(4, 18, 4, 'Google AI features are great.'),
(5, 26, 5, 'Great value for money.'),
(5, 2, 4, 'Does everything I need.'),
(6, 3, 5, 'Best laptop for developers.'),
(6, 29, 5, 'Incredible performance.'),
(7, 48, 4, 'Great Samsung laptop.'),
(8, 10, 4, 'Beautiful display.'),
(9, 9, 5, 'Perfect for business use.'),
(10, 43, 5, 'Lightest laptop I have used.'),
(10, 25, 4, 'Great battery life.'),
(11, 1, 5, 'Sound quality is exceptional.'),
(11, 46, 4, 'Great noise cancellation.'),
(11, 14, 5, 'Best earbuds period.'),
(12, 7, 4, 'Good Samsung buds.'),
(13, 17, 5, 'Best headphones on market.'),
(13, 33, 4, 'Very comfortable.'),
(14, 27, 4, 'Premium sound quality.'),
(15, 5, 4, 'Great portable speaker.'),
(15, 21, 3, 'Battery could be better.'),
(16, 34, 5, 'Perfect for drawing.'),
(17, 19, 4, 'Huge and beautiful screen.'),
(18, 24, 5, 'Best tablet for students.'),
(19, 2, 3, 'Decent quality t-shirt.'),
(19, 8, 4, 'Comfortable and fits well.'),
(20, 4, 5, 'Perfect fit slim jeans.'),
(20, 12, 4, 'Good quality denim.'),
(21, 9, 5, 'Very warm winter jacket.'),
(22, 16, 4, 'Good running shoes.'),
(23, 26, 3, 'Average formal shirt.'),
(24, 10, 5, 'Beautiful floral dress!'),
(24, 30, 4, 'Lovely pattern.'),
(25, 6, 5, 'Best yoga pants ever.'),
(25, 32, 4, 'Very stretchy and comfortable.'),
(26, 17, 5, 'Warm and stylish coat.'),
(27, 22, 4, 'Comfortable sneakers.'),
(28, 34, 4, 'Nice silk material.'),
(29, 19, 4, 'Kids love it!'),
(30, 24, 5, 'Great school backpack.'),
(31, 11, 5, 'Classic novel, beautiful edition.'),
(32, 13, 5, 'Must-read dystopian fiction.'),
(33, 3, 5, 'Perfect gift for HP fans.'),
(34, 21, 4, 'Epic sci-fi novel.'),
(35, 35, 5, 'Changed my perspective on history.'),
(36, 1, 5, 'Life-changing book about habits.'),
(36, 36, 4, 'Very practical advice.'),
(37, 18, 4, 'Dense but fascinating read.'),
(38, 28, 3, 'Short but insightful.'),
(39, 3, 5, 'Every developer should read this.'),
(39, 29, 5, 'Clean code changed my coding.'),
(40, 9, 4, 'Great reference for patterns.'),
(41, 25, 4, 'Good intro to JavaScript.'),
(42, 1, 5, 'Perfect SQL primer!'),
(42, 14, 4, 'Great for beginners.'),
(43, 7, 5, 'Comprehensive PostgreSQL guide.'),
(44, 12, 5, 'Beautiful dining table.'),
(44, 40, 4, 'Sturdy and well-made.'),
(45, 24, 5, 'My back thanks this chair.'),
(45, 33, 4, 'Good ergonomic chair.'),
(46, 31, 4, 'Nice bookshelf, easy assembly.'),
(47, 29, 5, 'Best standing desk.'),
(48, 4, 4, 'Good pot set for the price.'),
(49, 6, 5, 'Love my air fryer!'),
(49, 39, 4, 'Cooks everything perfectly.'),
(50, 8, 3, 'Average coffee maker.'),
(51, 15, 4, 'Good blender.'),
(52, 22, 5, 'Best rice cooker!'),
(53, 16, 4, 'Good yoga mat, non-slip.'),
(54, 5, 5, 'Great dumbbell set.'),
(55, 21, 4, 'Good resistance bands.'),
(56, 37, 3, 'Basic but works fine.'),
(57, 42, 4, 'Good foam roller.'),
(58, 27, 5, 'Spacious camping tent.'),
(59, 36, 4, 'Comfortable hiking backpack.'),
(60, 44, 4, 'Warm sleeping bag.'),
(61, 19, 3, 'Decent portable stove.'),
(62, 1, 4, 'Nice smartwatch features.'),
(63, 34, 5, 'Best smartwatch ever made.'),
(64, 3, 5, 'Family loves it!'),
(64, 50, 4, 'Great for multiplayer.'),
(65, 7, 4, 'Comfortable PS5 controller.'),
(66, 9, 5, 'Crystal clear 4K display.'),
(67, 25, 5, 'Best typing experience.'),
(67, 41, 4, 'Great mechanical keyboard.'),
(68, 11, 4, 'Reliable wireless mouse.'),
(69, 18, 4, 'Useful USB-C hub.'),
(70, 23, 3, 'Decent webcam quality.'),
(71, 38, 5, 'Super fast portable SSD.'),
(72, 4, 3, 'Basic microwave oven.'),
(73, 6, 4, 'Heats water quickly.'),
(74, 8, 4, 'Nice toaster.'),
(75, 10, 3, 'Okay hand mixer.'),
(76, 2, 5, 'Warm wool sweater.'),
(77, 12, 4, 'Nice leather belt.'),
(78, 14, 5, 'Beautiful handbag!'),
(78, 34, 4, 'Stylish and practical.'),
(79, 17, 4, 'Soft and warm scarf.'),
(80, 19, 4, 'Kids love the rain boots.'),
(81, 24, 5, 'Perfect Harry Potter gift.'),
(82, 5, 4, 'Good treadmill for home.'),
(83, 16, 4, 'Solid exercise bike.'),
(84, 21, 5, 'Simple but effective pull-up bar.'),
(85, 27, 4, 'Good tennis racket.'),
(86, 37, 4, 'Quality soccer ball.'),
(87, 44, 3, 'Decent fishing rod set.'),
(88, 31, 5, 'Bright LED desk lamp.'),
(89, 33, 4, 'Nice wall clock design.'),
(90, 35, 3, 'Simple picture frames.'),
(91, 3, 5, 'Great Python book for beginners.'),
(91, 29, 4, 'Well-structured Python guide.'),
(92, 7, 5, 'Deep dive into databases.'),
(93, 18, 5, 'Profound and moving book.'),
(94, 28, 4, 'Fascinating physics book.'),
(95, 36, 5, 'Beautiful exploration of cosmos.'),
(96, 42, 4, 'Interesting genetics book.'),
(97, 11, 5, 'Timeless classic novel.'),
(98, 13, 5, 'Inspirational story.'),
(99, 35, 4, 'Powerful memoir.'),
(100, 44, 5, 'Incredible life story.'),
(39, 14, 4, 'Must read for clean coding.'),
(42, 25, 5, 'Quick and easy SQL reference.'),
(36, 7, 5, 'Practical self-improvement book.'),
(1, 29, 4, 'Solid phone, great camera.'),
(6, 14, 5, 'Pro performance for dev work.'),
(11, 22, 4, 'Best AirPods so far.'),
(45, 7, 5, 'Saved my back at work.'),
(49, 11, 5, 'Air fryer is a game changer.'),
(13, 5, 5, 'Premium noise cancellation.'),
(10, 36, 5, 'M3 chip is impressive.'),
(2, 41, 4, 'Reliable iPhone experience.'),
(64, 21, 5, 'Switch OLED is amazing.'),
(66, 38, 4, 'Great monitor for work.'),
(53, 32, 4, 'Good yoga mat.'),
(62, 44, 3, 'Decent smartwatch.'),
(52, 48, 5, 'Makes perfect rice every time.'),
(58, 9, 4, 'Easy to set up tent.'),
(67, 13, 5, 'Satisfying key clicks.'),
(71, 46, 4, 'Fast data transfer speeds.'),
(33, 40, 5, 'Harry Potter is magical.'),
(43, 36, 4, 'Good PostgreSQL reference.');
